insert into users (user_id,username, password, email, name, phone, job) values (1,'alamblot0', 'sV1@95', 'amacnockater0@auda.org.au', 'Abbey', '106-906-8341', 'Graphic Designer');
insert into users (user_id,username, password, email, name, phone, job) values (2,'ctarbin1', 'rI3|N|', 'ccorradengo1@cam.ac.uk', 'Crawford', '166-127-5418', 'Computer Systems Analyst II');
insert into users (user_id,username, password, email, name, phone, job) values (3,'deisikowitch2', 'yV6>,5G', 'dsmallacombe2@github.io', 'Duffie', '618-965-4933', 'General Manager');
insert into users (user_id,username, password, email, name, phone, job) values (4,'arichardes3', 'uA7''"(m', 'astanes3@guardian.co.uk', 'Angel', '204-230-2842', 'Cost Accountant');
insert into users (user_id,username, password, email, name, phone, job) values (5,'sextill4', 'oQ2\<8{1e', 'soswal4@goo.ne.jp', 'Sonja', '512-524-5012', 'Help Desk Technician');
insert into users (user_id,username, password, email, name, phone, job) values (6,'wtrask5', 'wF5%O,lW', 'wcromblehome5@woothemes.com', 'Winny', '880-986-6429', 'Business Systems Development Analyst');
insert into users (user_id,username, password, email, name, phone, job) values (7,'aabramcik6', 'aX4{A', 'aondricek6@biblegateway.com', 'Aleece', '166-451-7931', 'Business Systems Development Analyst');
insert into users (user_id,username, password, email, name, phone, job) values (8,'rkintzel7', 'lA7<,Y', 'rhannam7@yahoo.com', 'Richardo', '909-560-7606', 'Account Coordinator');
insert into users (user_id,username, password, email, name, phone, job) values (9,'kfeldmark8', 'gO8>uM', 'ktagg8@cdc.gov', 'Kynthia', '113-640-2191', 'Desktop Support Technician');
insert into users (user_id,username, password, email, name, phone, job) values (10,'afarland9', 'vJ5\X)G#{/', 'ajaimez9@oakley.com', 'Anya', '382-444-5810', 'Chemical Engineer');
insert into users (user_id,username, password, email, name, phone, job) values (11,'reeftinga', 'tG0~2X', 'rgrievea@archive.org', 'Rosemary', '126-195-4086', 'Senior Cost Accountant');
insert into users (user_id,username, password, email, name, phone, job) values (12,'dmethringhamb', 'pU6,UHX', 'dcullyb@ocn.ne.jp', 'Devlin', '896-121-3333', 'Assistant Media Planner');
insert into users (user_id,username, password, email, name, phone, job) values (13,'ltomanc', 'jT9''#R', 'lbrearleyc@stumbleupon.com', 'Lionel', '262-231-2438', 'Software Test Engineer IV');
insert into users (user_id,username, password, email, name, phone, job) values (14,'lkollasd', 'eZ0%bp=6LN', 'lseverwrightd@census.gov', 'Lucita', '817-406-3847', 'Registered Nurse');
insert into users (user_id,username, password, email, name, phone, job) values (15,'dpulvere', 'lI3@bJX', 'dgoblee@cargocollective.com', 'Doy', '637-462-4955', 'Statistician II');


INSERT INTO boards (board_id,board_name, board_type) values (1,'reviews', 'board');
INSERT INTO boards (board_id,board_name, board_type) values (2,'qna', 'board');

insert into articles (article_id,title, content, board_id, writer_id) values (1,'Highlander: The Source', 'Etiam pretium iaculis justo.', 1, 1);
insert into articles (article_id,title, content, board_id, writer_id) values (2,'Confessions of a Shopaholic', 'Nulla nisl.', 1, 2);
insert into articles (article_id,title, content, board_id, writer_id) values (3,'Crockdale', 'Cras mi pede, malesuada in, imperdiet et, commodo vulputate, justo.', 1, 3);
insert into articles (article_id,title, content, board_id, writer_id) values (4,'Spontaneous Combustion', 'Integer aliquet, massa id lobortis  vel accumsan tellus nisi eu orci.', 1, 4);
insert into articles (article_id,title, content, board_id, writer_id) values (5,'Bloodsport 2 (a.k.a. Bloodsport II: The Next Kumite)', 'Donec vitae nisi.', 1, 5);
insert into articles (article_id,title, content, board_id, writer_id) values (6,'Johnny Be Good', 'Suspendisse potenti.', 1, 6);
insert into articles (article_id,title, content, board_id, writer_id) values (7,'Willow', 'Fusce congue, diam id orna ut volutpat sapien arcu sed augue.', 1, 7);
insert into articles (article_id,title, content, board_id, writer_id) values (8,'Just Add Water', 'Nulla justo.', 1, 8);
insert into articles (article_id,title, content, board_id, writer_id) values (9,'Five and Ten', 'Etiam pretium iaculis justo.', 1, 9);
insert into articles (article_id,title, content, board_id, writer_id) values (10,'Hard Times', 'Nulla ac enim.', 1, 10);
insert into articles (article_id,title, content, board_id, writer_id) values (11,'Grateful Dead', 'Nam tristique tortor eu pede.', 1, 11);
insert into articles (article_id,title, content, board_id, writer_id) values (12,'22 Jump Street', 'Nulla ac enim.', 1, 12);
insert into articles (article_id,title, content, board_id, writer_id) values (13,'Balls Out: Gary the Tennis Coach', 'Nullam orc sodales sed, tincidunt eu, felis.', 1, 13);
insert into articles (article_id,title, content, board_id, writer_id) values (14,'Garbage Pail Kids Movie, The', 'Donec dapibus.', 1, 14);
insert into articles (article_id,title, content, board_id, writer_id) values (15,'Brown of Harvard', 'Etiam justo.', 1, 15);
insert into articles (article_id,title, content, board_id, writer_id) values (16,'Blink', 'Cum sociis natoque penatibus et magnis ient montes, nascetur ridiculus mus.', 1, 1);
insert into articles (article_id,title, content, board_id, writer_id) values (17,'Last Summer in the Hamptons', 'Morbi quis tortor ia ultrices aliquet.', 2, 2);
insert into articles (article_id,title, content, board_id, writer_id) values (18,'Music Box', 'Vivamus vestibulum sagittis sapien.', 2, 3);
insert into articles (article_id,title, content, board_id, writer_id) values (19,'Circle of Friends', 'Donec ut mauris eget massa tempor convallis.', 2, 4);
insert into articles (article_id,title, content, board_id, writer_id) values (20,'American in Paris, An', 'Nam nulla.', 2, 5);
insert into articles (article_id,title, content, board_id, writer_id) values (21,'Ward 13', 'Vestibulum sed magna at nunc commodo placerat.', 2, 6);
insert into articles (article_id,title, content, board_id, writer_id) values (22,'Feast II: Sloppy Seconds', 'Mauris ullamcorper purus sit amet nulla.', 2, 7);
insert into articles (article_id,title, content, board_id, writer_id) values (23,'Tuck Everlasting', 'Suspendisse potenti.', 2, 8);
insert into articles (article_id,title, content, board_id, writer_id) values (24,'Hava Nagila: The Movie', 'Mauris ullamcorper purus sit amet nulla.', 2, 9);
insert into articles (article_id,title, content, board_id, writer_id) values (25,'Mr. Jealousy', 'Donec quis orci eget orci vehicula condimentum.', 2, 10);
insert into articles (article_id,title, content, board_id, writer_id) values (26,'Barry Lyndon', 'Duis consequat dui nec nisi volutpat eleifend.', 2, 11);
insert into articles (article_id,title, content, board_id, writer_id) values (27,'Smile', 'Morbi non lectus.', 2, 12);
insert into articles (article_id,title, content, board_id, writer_id) values (28,'Mr. Robinson Crusoe', 'Donec dapibus.', 2, 13);
insert into articles (article_id,title, content, board_id, writer_id) values (29,'Mr. Wrong', 'Quisque porta volutpat erat.', 2, 14);
insert into articles (article_id,title, content, board_id, writer_id) values (30,'Arsène Lupin Returns', 'Fusce consequat.', 2, 15);